{"last_node_id":69,"last_link_id":183,"nodes":[{"id":42,"type":"VAEDecode","pos":[-452,373],"size":{"0":210,"1":46},"flags":{},"order":6,"mode":0,"inputs":[{"name":"samples","type":"LATENT","link":182,"slot_index":0},{"name":"vae","type":"VAE","link":154}],"outputs":[{"name":"IMAGE","type":"IMAGE","links":[160],"shape":3,"slot_index":0}],"properties":{"Node name for S&R":"VAEDecode"}},{"id":53,"type":"Image Resize","pos":[-856,174],"size":{"0":315,"1":178},"flags":{},"order":3,"mode":0,"inputs":[{"name":"image","type":"IMAGE","link":159,"slot_index":0}],"outputs":[{"name":"IMAGE","type":"IMAGE","links":[117],"shape":3,"slot_index":0}],"properties":{"Node name for S&R":"Image Resize"},"widgets_values":["resize","true","lanczos",1,1024,1024]},{"id":62,"type":"CheckpointLoaderMixWithDiffusers","pos":[-855,8],"size":{"0":315,"1":98},"flags":{},"order":0,"mode":0,"outputs":[{"name":"unet","type":"UNET2D","links":[178],"shape":3,"slot_index":0},{"name":"clip","type":"CLIP","links":[152],"shape":3},{"name":"vae","type":"VAE","links":[153,154],"shape":3,"slot_index":2}],"properties":{"Node name for S&R":"CheckpointLoaderMixWithDiffusers"},"widgets_values":["sd_xl_base_0.9.safetensors"]},{"id":41,"type":"VAEEncode","pos":[-451,271],"size":{"0":210,"1":46},"flags":{},"order":4,"mode":0,"inputs":[{"name":"pixels","type":"IMAGE","link":117},{"name":"vae","type":"VAE","link":153,"slot_index":1}],"outputs":[{"name":"LATENT","type":"LATENT","links":[181],"shape":3,"slot_index":0}],"properties":{"Node name for S&R":"VAEEncode"}},{"id":68,"type":"SelfGuidanceSampler","pos":[-1,8],"size":{"0":315,"1":594},"flags":{},"order":5,"mode":0,"inputs":[{"name":"unet","type":"UNET2D","link":178},{"name":"latent_image","type":"LATENT","link":181},{"name":"prompt","type":"CONDITIONING","link":177},{"name":"target_object","type":"CONDITIONING","link":179},{"name":"fix_object","type":"CONDITIONING","link":180}],"outputs":[{"name":"latent","type":"LATENT","links":[182],"shape":3,"slot_index":0}],"properties":{"Node name for S&R":"SelfGuidanceSampler"},"widgets_values":[281730043919331,"randomize",128,84,7.5,1,"Euler Discrete",1.3,0.00085,0.012,"scaled_linear","epsilon","leading",1,5,8,1.7,0.2,0.2,0.1]},{"id":64,"type":"LoadImage","pos":[-856,416],"size":{"0":315,"1":314},"flags":{},"order":1,"mode":0,"outputs":[{"name":"IMAGE","type":"IMAGE","links":[159],"shape":3},{"name":"MASK","type":"MASK","links":null,"shape":3}],"properties":{"Node name for S&R":"LoadImage"},"widgets_values":["example2.jpg","image"]},{"id":39,"type":"CLIPConditioning","pos":[-446,0],"size":{"0":400,"1":216},"flags":{},"order":2,"mode":0,"inputs":[{"name":"clip","type":"CLIP","link":152,"slot_index":0}],"outputs":[{"name":"prompt","type":"CONDITIONING","links":[177],"shape":3,"slot_index":0},{"name":"target_object","type":"CONDITIONING","links":[179],"shape":3,"slot_index":1},{"name":"fix_object","type":"CONDITIONING","links":[180],"shape":3,"slot_index":2}],"properties":{"Node name for S&R":"CLIPConditioning"},"widgets_values":["a photo of an eclair and a shot of coffee","eclair","coffee"]},{"id":65,"type":"PreviewImage","pos":[-455,481],"size":[215.74898913574225,244.79183178710934],"flags":{},"order":7,"mode":0,"inputs":[{"name":"images","type":"IMAGE","link":160}],"properties":{"Node name for S&R":"PreviewImage"}}],"links":[[117,53,0,41,0,"IMAGE"],[152,62,1,39,0,"CLIP"],[153,62,2,41,1,"VAE"],[154,62,2,42,1,"VAE"],[159,64,0,53,0,"IMAGE"],[160,42,0,65,0,"IMAGE"],[177,39,0,68,2,"CONDITIONING"],[178,62,0,68,0,"UNET2D"],[179,39,1,68,3,"CONDITIONING"],[180,39,2,68,4,"CONDITIONING"],[181,41,0,68,1,"LATENT"],[182,68,0,42,0,"LATENT"]],"groups":[],"config":{},"extra":{},"version":0.4}